,X,Y
0,11.599252830068606,11.631455547221702
1,13.716883258985792,9.305784094297042
2,12.456989168227679,10.78340092701699
3,13.662406445182288,11.600721285170808
4,11.22338533750245,13.432248096412303
5,12.10978097758805,11.597071757587472
6,11.640240316644807,13.130984596174994
7,11.08946051160501,11.208550352243385
8,9.14989657968878,10.40497798757305
9,13.780902744345124,12.0599798647397
10,10.646562600853795,11.9325910238337
11,13.264580011355664,12.259825022870574
12,12.490278516591886,11.397781574968718
13,10.82424585089256,12.201631476560996
14,9.61906877850141,12.630986804840031
15,10.967651311231181,11.024214505370168
16,11.377419506668373,11.298918239915457
17,11.184106723837576,11.773565980581692
18,13.215792631237678,13.196444523272076
19,10.666218517030792,12.741686902802906
20,10.52322093818372,13.063565187257671
21,10.591557325418856,12.062705970140977
22,10.96895100681201,12.334101060319574
23,10.141505748270111,11.100394832277901
24,12.196490780869647,12.569944726778834
25,10.533765776630359,12.217224027452831
26,12.162790088171699,11.397838738311945
27,12.172107645562786,10.221792467699217
28,11.970158175580005,9.308861037971955
29,10.074432834844693,11.631932080630719
30,11.244115585352564,11.269521357951833
31,11.273246880793076,10.833801434630905
32,10.039639286408411,11.562489491294212
33,10.620866871161166,12.744609492363445
34,12.267318578317472,11.852739914144278
35,11.032005834989913,12.143579617832536
36,11.85900652224531,13.575425363104118
37,11.45073239783188,12.473962915407315
38,12.634373851116958,11.798372247733477
39,11.309820788933894,12.758998817016314
40,12.19585768132401,11.411378334480695
41,10.116360741654468,13.00859419194322
42,11.317790068992215,12.854855463631637
43,11.587124637968943,11.563066611189821
44,12.356468380731334,12.44379098173546
45,9.933477285324578,11.629801267026032
46,13.518079737650593,13.99092404968805
47,12.36052433997325,11.174238314320325
48,10.459721240586411,10.506077020067055
49,13.224066977732527,11.636061356073098
50,11.768391902428576,12.446913324286571
51,12.871088201213821,12.014890947667105
52,9.373499784971974,11.742829929830153
53,12.785158963239425,13.408625187091422
54,13.399815437173537,12.832441688088062
55,11.27920853355409,11.347752029406802
56,13.468400874061562,13.040757048414156
57,12.44341841965483,11.717238488804767
58,10.74669845413605,10.930139778121907
59,13.52471204595654,13.003596860387354
60,11.334222712623793,10.824197229206845
61,11.994171672432579,8.99392418763486
62,13.422088462620357,13.34464716620541
63,12.62628692146834,11.851731892582183
64,12.508104261257643,10.061994323035842
65,10.480294159416795,9.920291568561078
66,10.012960456837211,12.09721946937601
67,12.541759014688527,10.526417573428978
68,11.586316068820313,14.643171034696564
69,12.039660471302229,12.71465090425752
70,12.937326283182676,11.775567726768116
71,11.529463293219651,13.208234178158003
72,12.756368845413098,12.361118444312622
73,11.674520390064215,11.743268375614136
74,12.834432217670336,13.60781008276043
75,12.70710377361074,12.102006826506063
76,11.404958816600285,10.665398106385162
77,11.950674320829512,13.323427511738851
78,11.533454289855495,12.01664555701071
79,12.991764886540661,11.299162366105406
80,11.784400680683522,13.056112089939074
81,11.078894789461168,13.465958150145218
82,13.819425800577239,12.231710229645804
83,14.25979085927309,12.653722397488744
84,13.354275107371052,11.572138724090523
85,12.186978645491344,11.74799036302266
86,11.217324307909726,12.068104699713706
87,10.772916896659433,10.517015329288283
88,11.63829371435934,11.97941803321398
89,13.423476615597183,11.42413460148054
90,11.658973115235227,12.595826651187194
91,11.488048252814767,12.097147828583168
92,13.18787965623967,11.593071633510224
93,12.913496794703416,12.679447268137725
94,13.680698380472958,11.70747037369143
95,11.510853420328612,12.051566925873889
96,12.378984497476605,12.19794246998258
97,11.218503422004918,13.083995366640575
98,11.58185726090517,11.447777088665667
99,11.50954326600531,12.74470664698789
100,12.923159499237855,11.560112497882228
101,13.328505987064815,12.009948871468543
102,12.052978157430905,13.55957594893397
103,12.535998924539225,11.00465716731153
104,13.352143099788561,10.643633394567397
105,14.228738724159914,11.744562609826474
106,11.251714907730586,12.273044791745644
107,11.204700855862814,13.226759740783937
108,10.192528141118007,13.033618695943355
109,11.264495120551864,12.59510439206432
110,11.390840842371205,12.978565879817749
111,12.277456043812723,10.338547009324682
112,13.175099672081382,11.181573832628299
113,11.598508586834736,10.99072312846966
114,11.218664501698898,13.09276916148151
115,11.811664125426287,14.107382285510262
116,14.25528241803407,12.286751613712577
117,10.588297885176265,11.242162751867543
118,11.24969351151362,12.046492794815695
119,11.140453953622213,10.271709641940024
120,13.090193522214639,12.994973826903138
121,12.264287912873314,12.275888894343781
122,11.66523983478436,11.571033155887491
123,11.066405724984492,11.232609578118055
124,13.06165522749015,10.870572650149182
125,11.499781157101559,11.896161720661368
126,10.44576401964207,12.498506210372483
127,10.899726219898241,11.276539057583316
128,13.885654892574443,9.729103925240848
129,12.198692064193677,12.318591406049801
130,12.202559847041021,12.35097233573473
131,10.300545341180957,11.997100985381895
132,13.330053989748638,12.176558731455383
133,12.196262183788614,12.593838942977092
134,13.78364338841482,13.855630432822018
135,13.196335084292725,11.897390291164372
136,11.515299747828335,10.442629965084416
137,10.76200926622532,12.484703627228042
138,11.705603916573732,13.00171783426556
139,11.90909682060426,10.684210203875756
140,11.956379647145301,12.528263453676866
141,10.252566774739819,13.37015526947009
142,12.865905904042544,11.340439591125376
143,11.984446555948535,13.120449575522489
144,10.753991827227066,11.562024665422001
145,12.024850186754682,12.424221363402497
146,13.307310830729762,13.712589842036254
147,10.557450961507223,10.546189087742814
148,10.983810484597495,11.405734592210683
149,11.71125452253822,12.1748777550788
150,11.214314600095681,12.4520829158446
151,11.270510506839724,12.40480248834205
152,11.178635472438533,11.09225372801841
153,12.396255659205675,11.111494788613566
154,11.862065237429146,13.5737162117298
155,12.941511433440002,10.017992660843655
156,14.256202103321174,11.847160505404362
157,11.221995380502069,11.274455132018515
158,12.61118044343247,11.623874930137813
159,12.060351331523659,13.74219988570279
160,12.545630405392668,11.201440667668548
161,11.529077816445975,10.985171798398044
162,11.841425052030392,12.39206040156749
163,12.52788892486022,11.263145393563859
164,12.209260306069655,11.974587553628114
165,11.371537756029154,9.365863253941985
166,11.859825598073888,9.4809880581405
167,11.992182056308637,10.96667525694933
168,12.630231882871612,11.441966286148658
169,11.732657015393665,12.427133109504434
170,12.595701334710437,10.806707317971307
171,13.904157799723155,13.577180152547276
172,11.863429145475044,12.677010100603216
173,11.138850899462545,11.721446123505364
174,12.05044279070923,11.300406231023615
175,12.594273627776547,12.713201329116766
176,12.204473936013153,12.087132220575358
177,11.791978515724287,12.189458734859008
178,11.993320411342749,12.436525297586474
179,9.693917795556436,11.844637401268539
180,11.502061617863289,11.809457728484844
181,11.991506554335832,12.608066936326049
182,11.843041229071888,11.478292480227154
183,11.039316990580653,13.457787844938697
184,11.2437989173,12.96583248866986
185,11.40637349469082,12.626143976170564
186,10.480102379556847,12.965918647992261
187,13.45769992476252,12.48899297908595
188,11.856537777447691,11.953170296396426
189,11.14538227536572,14.63322116860195
190,12.5887660544994,12.636769940939603
191,12.420254989060757,12.666647947905151
192,12.068886030325134,12.309502770776518
193,12.40970718491335,11.862359334305848
194,11.716171283889516,11.121159246348702
195,13.99375984097053,11.065359604341056
196,13.415158086934625,12.682588880581637
197,11.317715571226152,12.477638018799494
198,10.702175150268824,12.56986729994678
199,13.522046837995617,12.651164706713367
200,11.530814980284184,11.682793905577801
201,11.65764981978179,12.279901637370198
202,11.951843527873699,11.608908239220122
203,11.727114004755434,12.889196091591277
204,12.94098407142546,10.947372647491191
205,11.833115586532317,12.13315344326645
206,12.25279735873084,10.520647404360703
207,8.6690467271665,11.821391445334925
208,12.303435672463143,12.119993029633392
209,11.944630842924067,13.268208417425534
210,12.3383016031328,12.94584343441655
211,12.960835211083223,12.030572272661434
212,14.54821935437831,12.033235086407968
213,13.97433955620492,11.910550699135028
214,12.738620077358423,13.016771249868842
215,12.338253423263382,13.331084312479254
216,12.651908266052203,11.869949806959358
217,12.295500331749555,10.90516720850341
218,12.368686691824916,13.454988686550694
219,11.022355098739688,12.589825694743023
220,12.1051058627248,12.038177735272011
221,12.346982657564007,11.604527609192525
222,11.523250793690739,11.85364962929779
223,11.107923446335384,10.493802750284923
224,12.904172106780235,11.144044627835765
225,11.475254814949992,11.34301037936023
226,12.999400458045834,12.917453099762977
227,11.524871764407651,12.361185204466787
228,13.769665491043755,14.852047435064023
229,12.096164283498622,11.76839808348292
230,11.462808486246734,11.601466722711894
231,11.109124162182235,11.84016790026305
232,12.088520905586487,14.572899029752522
233,14.216565117347187,11.015072839740832
234,13.569285716451127,12.214748411623738
235,11.64922896299231,10.861810002081622
236,13.11923966330994,12.757928976776618
237,11.59265240489753,11.807991828448108
238,13.556552712681654,13.516438224308295
239,12.017448688907324,12.399369145262504
240,11.8497107342912,11.523028248244628
241,13.762224822270959,11.968702042194963
242,11.698190961607706,11.049843042501278
243,11.963681347320014,12.8918294424125
244,12.349211716180436,11.77796553559924
245,12.171978456835694,10.475047234551385
246,10.21671665619833,12.430945622283
247,12.733823008764688,11.228102644288247
248,11.329662192818082,10.805288504345622
249,10.96737789044432,13.147242867576814
250,13.97975597190309,11.252990046044527
251,12.380515834811666,12.042211589918415
252,12.72179177098352,12.410496568524124
253,12.225607626255565,11.930126592973773
254,14.932108112791951,11.83010019037715
255,13.229400664797069,12.549548225215931
256,11.478149740646971,13.50492486637216
257,13.841420797518708,10.148784355846377
258,10.393984109484656,12.41728409089638
259,11.225304186691677,11.26093074168315
260,11.720948407788578,13.460866734392805
261,13.191228829177351,12.616665113084057
262,10.687739260047994,13.816313390693992
263,11.184653906130423,11.168928788094988
264,12.711829173814678,12.483338671989207
265,12.327042870007944,12.294452662584627
266,12.666288463843511,13.213607976190193
267,10.518032141867476,13.915024848333736
268,11.613207027051807,10.88126978727673
269,12.573069995121063,12.34715983280025
270,11.554210946674202,12.047266633182003
271,12.710372364565846,11.014670333073905
272,12.855620090973956,11.836545900079168
273,12.207926947448403,11.925013151118193
274,13.152941415523209,11.348330483410216
275,11.132936885131976,12.076168791034899
276,12.276211669226766,13.327879428559527
277,11.00780464871017,12.481244983568418
278,12.076872981409634,12.310637703734516
279,10.514278468318349,11.926620328554144
280,12.143442306834402,13.772875220341534
281,11.564421038788138,10.275010609248083
282,13.17557463375092,12.738218594027192
283,12.05336452691348,12.190195868165022
284,11.874780416264992,12.624717652190476
285,12.91236295954086,12.184990549742796
286,10.47299365656316,10.355505690116402
287,11.891328418576483,11.456197546350838
288,13.284506898831658,10.545028199440626
289,11.414229866943462,12.368024836710443
290,10.076493289419052,10.47030304429226
291,13.850681968984713,10.876099707274342
292,11.194947583894983,10.8273550840713
293,12.101869049484964,12.179149125621596
294,12.573055253178808,11.21146974965447
295,11.503440924608048,11.981704303346342
296,11.229602897995033,12.0326595935196
297,11.232094334090117,11.390654198622643
298,9.966688769741697,10.864921730084804
299,12.36559759206899,11.501193281020308
300,9.592728714490326,11.012471746790336
301,10.478608101885694,12.064610990967905
302,12.848107097950027,11.371931298565816
303,10.907527293544424,11.406783325527027
304,10.090941048458768,12.176242956583224
305,10.861227053638485,12.998153608550119
306,12.877112278805857,12.723642840057082
307,11.82546581387028,12.50529535840856
308,12.284749905196358,12.309846043544272
309,12.067938985742895,12.344012623417509
310,12.987413545229154,11.792977711288373
311,11.58115025809736,11.198082607607013
312,13.213155121089041,13.714554388563498
313,11.502886730819634,12.556735500231818
314,13.065347599653263,11.945071094479843
315,12.707955624214115,12.376675680570399
316,12.790853359585283,12.900913302498259
317,12.185500889493118,10.560900075610808
318,10.3697741820613,13.21893209769313
319,13.300210863931564,12.638642461295802
320,11.483390082979202,10.739953401567979
321,10.679386525347386,10.763018262033649
322,11.838433928906076,12.337095533677388
323,12.287082077600552,12.113567217907057
324,12.003548781696672,12.523354048988983
325,12.80085725238698,13.47649115972296
326,12.154152019917136,13.666010782923198
327,10.868631971151224,10.920287130611962
328,10.856349727864385,12.21784288228834
329,11.470148066768362,12.439250678216615
330,11.789341046177444,11.366742490129612
331,11.708152921129233,11.793864119552637
332,10.754789702440549,10.826971358245677
333,11.60912752892863,12.955402762941025
334,12.880016340311572,11.795969761400217
335,10.65791059342798,12.180544804884043
336,11.375158348494127,8.743847450779331
337,12.754596173961724,11.555535972551882
338,11.849749991682634,13.76479204741716
339,10.5705600919039,11.00899364226826
340,10.166660819844367,11.414007806031451
341,12.346025929219575,11.688081309198239
342,12.395347701502653,12.823184014464454
343,12.853241559594965,12.930567672364257
344,13.260981094609331,12.09799180566471
345,12.638869213912656,10.91786686841642
346,11.413479497417411,11.113621957739982
347,13.56277687424565,11.576481466669161
348,11.88375331588735,13.008886867951944
349,11.77716095374468,10.45878212020708
350,10.238957999623127,10.623298882417043
351,11.300765481185275,13.232977258263064
352,10.702085499464445,10.06638314321179
353,12.579967547711012,10.361817410800636
354,13.068475848169237,12.098019950073194
355,12.550639753801095,12.345432816734927
356,11.973186702760426,12.597283496320664
357,11.642615399869479,13.594968241165185
358,11.382376890057376,11.740281499912447
359,12.47398092452698,13.501910786658243
360,9.854250740488473,12.055000161316167
361,13.120040627923862,12.005218341700415
362,11.189258248963421,9.510392972025652
363,10.70582048477492,13.973359912939221
364,12.529821193743803,12.062349549978034
365,11.123596192336878,13.842311879547218
366,11.38700325607367,10.168530898724185
367,13.87119611839866,13.803670132268131
368,12.376008592653756,12.689463351129668
369,12.783321468118395,10.186752473730465
370,11.418666554119303,11.745912550052694
371,12.903670942432766,11.519617115654267
372,11.512562532879768,10.035422175472009
373,12.884022694098904,12.584168670963784
374,10.649195450763282,12.705933308857134
375,13.193262964575418,10.2449362601922
376,14.573766453903465,13.29781509910295
377,13.512815460425177,11.865847749815908
378,11.562616717159163,12.878504508557528
379,12.765336169972628,10.843127290933918
380,12.165881687429799,10.967575207967784
381,11.81291009589483,12.030915982423444
382,12.453736728898635,13.23383314683648
383,10.94929880338699,13.014492510735211
384,12.19382489267503,12.001115165915941
385,11.68433163399206,12.335738710944572
386,10.20372665848361,11.900607779653878
387,11.791559352008298,12.395623829868503
388,10.06049615128433,11.19125452613123
389,12.983247975296962,12.307312931364514
390,13.289734261501916,10.467301085094212
391,13.338980045992134,11.934142480069426
392,13.50058298797118,12.011170717876062
393,9.483382542680038,9.986296813769656
394,12.168257455705186,11.492590063477419
395,11.473029548032343,12.02608285380804
396,10.175123628283288,13.137801089003421
397,12.03156940623561,12.057320087239095
398,10.53587759713569,11.573339661841262
399,10.190509670057718,12.920327384176662
400,12.70816140221382,11.508213773387842
401,11.46180514820743,10.413165414017847
402,12.622094042456297,12.006400547007065
403,12.176934783608804,11.59912485675663
404,12.700512046112472,11.65401382284326
405,13.083615378471414,10.124850402889491
406,12.624383638800275,12.558215079190846
407,9.988216578186124,12.75363823960929
408,13.491439863781595,12.108926703544718
409,11.139182603227638,13.529674900617854
410,11.843232324430753,11.023841834511408
411,12.663478933434181,11.364783773746279
412,13.637013175268148,12.791232569577724
413,13.2593750828449,12.114609904121757
414,10.670206891871446,11.612588285663358
415,12.765255716251644,14.155318229754418
416,12.01575544544834,10.995679647565735
417,12.058973868236592,10.36985502312045
418,11.710964198338672,11.268946192416399
419,12.772837256557168,12.146116502475493
420,11.85571160177203,11.654813403308786
421,11.467732687454385,11.16652317746656
422,10.909515023399349,8.997369178081206
423,13.066372053427088,13.607494225223077
424,12.866630513986543,11.909617567873124
425,10.98829608122074,12.44617558468273
426,11.40024718140357,10.948134815133177
427,11.834665803744446,10.983568138694858
428,11.32041582284451,12.689459149014338
429,11.116787136879852,12.135823438852496
430,13.179033310390166,10.448362710281321
431,12.459143810053167,11.466335143192802
432,10.93422138989698,12.921748364842811
433,13.764066634467262,13.696840830608656
434,13.117755616812984,9.36759375852737
435,11.573837021336184,12.81931045718236
436,11.464680844023183,11.97194609151227
437,12.714850412411423,10.548976249117374
438,10.389951820295648,11.45164718059684
439,12.652489634183553,12.70600343399442
440,13.375976501680817,11.310565248600968
441,10.191398807136338,12.826960233322374
442,12.84301251852105,12.975922197035834
443,13.017290028718477,11.961040953146274
444,10.053626232723275,10.902404051925126
445,10.59376653211232,13.182127276341646
446,11.624191613417203,10.467458148892048
447,11.474127275465484,12.767601079970104
448,12.69144704627069,11.276616052685197
449,12.089499941008153,13.878895452168756
450,11.102472499003536,12.985864450908462
451,11.041233949329007,14.734324301757237
452,13.928841189802355,13.01669309763524
453,11.183564501324524,13.265157078787823
454,13.586353839512487,11.724927864419373
455,13.92062031122557,10.450429860920131
456,10.590046254247321,12.943206582352701
457,12.163136660658786,13.884652817248188
458,10.886106501550564,11.64138241830259
459,10.779797638487846,13.361937967681238
460,10.770740208035416,12.531275669926172
461,11.65364707181121,12.362130991287607
462,11.246917882934524,10.977888227956864
463,12.706664475998373,10.671128183686942
464,12.718786383098925,12.588252712002074
465,11.340138312949161,12.389458243947043
466,13.228349835371331,10.458166896312378
467,11.516384432351098,10.768872030632576
468,13.70800701211699,10.861437822985732
469,11.112736464334816,13.788925093053713
470,12.35578191014392,11.190579785112728
471,11.397600295399949,12.440250326741737
472,10.870176470209373,13.320344869359536
473,12.9914784983349,12.89318051947539
474,11.98356663172951,10.118603818338455
475,12.139526096460314,11.778239042802928
476,11.41450889548268,12.555074733433884
477,13.1174905884797,12.694924153961612
478,13.637060291037242,11.745265501567257
479,9.682499735542997,13.736621564091035
480,13.171799216627168,11.014901934191302
481,11.326620325242468,11.038716661736414
482,11.96344047088043,13.481499512304518
483,11.773729723894892,12.77651338722127
484,12.542637716549429,13.318960525326597
485,10.388850417280304,11.804486488501471
486,13.654693244502036,12.938914296299536
487,11.386110737169995,10.630627610976422
488,12.6302587882368,12.691919908874498
489,12.6076404746094,11.093999633464566
490,11.799826641821733,10.79759171837851
491,12.487761362811657,13.25645109754832
492,12.851682562856393,11.144913192107971
493,13.167877721755127,12.727495944751043
494,11.619122942191778,12.089514065099582
495,12.665693681016307,12.582285349592517
496,12.511725879659933,10.653484115831638
497,12.693491554631,11.839008353606351
498,11.724286128970883,13.225657779513442
499,11.131888010085998,12.035498805282469
500,12.078698137627677,11.09981972532247
501,12.44754278711775,13.17195154056643
502,11.72310620410055,11.719413802519767
503,11.695356422014934,13.703124366737386
504,13.034730273812913,12.720599814983876
505,11.883301740154135,11.436158874814913
506,12.934529978770408,12.721905500877535
507,13.700741015028596,11.463196532488915
508,11.389733980325365,11.789931351350255
509,10.978406892555281,11.725083909926857
510,11.84536762055672,11.520032305812656
511,11.509497496402686,11.340697886532833
512,10.388674715760828,13.460692952186966
513,13.264351830587485,12.083151787811977
514,11.17296283711161,13.174598217100584
515,13.235454761068553,10.99265264827269
516,11.048811593105821,11.771005670101317
517,11.596723603280052,10.686315311182561
518,11.136267283692707,12.346227351653624
519,13.528448652284354,13.353868091361623
520,10.465922648428622,10.938870359493023
521,12.968680329023584,10.447455108237255
522,12.12465479032384,13.126630793649436
523,12.002894175441874,10.976212647465484
524,13.037047794913242,11.699969375327235
525,12.839528998313106,11.25091392778391
526,10.988260190421236,12.169632932020528
527,13.077014287892379,13.941520013350313
528,11.390570429959444,12.857500135477949
529,13.147570797229267,11.304704687359667
530,13.440107433200344,12.960574334283605
531,11.400501511557435,11.35385861269879
532,11.81149867523459,12.681387170568295
533,11.491748597945513,13.807540462441018
534,11.903985457244195,12.017956547669415
535,11.35941552457866,11.247596218716625
536,12.422412703463964,11.725568888823414
537,12.15512048544109,12.223988903431337
538,12.215902762873947,12.453675396605599
539,12.53479926519905,10.127003399451487
540,11.865760912921228,13.253088646007436
541,11.512218843641094,12.220159090159392
542,11.438843518599455,11.609977208834394
543,14.065177281076114,10.89801356867509
544,12.830845698406316,10.950198424186823
545,13.534969223222655,12.269012405042309
546,10.898311042672335,13.269515081094287
547,11.42955571999865,12.215514838125802
548,12.481946687927667,11.17422631426357
549,12.597996460227481,12.834560242899613
550,10.608496539831105,13.350774749569215
551,10.952167874942475,11.526361070966031
552,12.998121907147262,10.938406908219395
553,12.233574540808789,11.545387682184371
554,12.264421480241568,12.307396274093119
555,10.40836517087995,12.898951009240713
556,11.561831170891507,11.968161009983616
557,13.36034692467518,12.215855265838139
558,11.68064073135904,12.241957902301673
559,12.237421500079387,10.026882177773977
560,10.16330621087939,12.141221826434823
561,11.680981406993354,11.129447092642547
562,12.530637356781805,12.885677367509802
563,13.423869064701382,12.545336957933936
564,10.301351150610792,12.337356787889226
565,12.762958515662481,10.955176865007669
566,13.826409551551805,12.18630141886512
567,12.640385631134174,11.412126472732682
568,12.852155894152034,12.216073868037778
569,13.00820394859682,12.458855950435371
570,12.090118413984325,12.299064680698528
571,13.292130150021993,10.760131124866213
572,13.980082988231395,12.262781663754058
573,11.883033072992296,11.368047980244352
574,12.678349732460365,11.972941170703539
575,11.33536167760609,11.79567330171011
576,11.564439941543133,12.389439290468305
577,12.03344916312798,13.30803943194002
578,11.467845670717036,10.847660504163834
579,11.026009424845684,11.955017982201419
580,11.963737643086322,12.181856631468197
581,12.393378239385317,11.633036476619418
582,10.602522572773289,11.436121407534513
583,12.977867460438988,12.181391886153833
584,11.540947691800012,9.58561893172774
585,11.791317135474255,12.224083073514757
586,13.417037758685957,12.02754992526998
587,10.404615327833062,13.526339944680615
588,11.639369132363127,12.320847239235587
589,11.771230015600407,13.821147815924672
590,12.514558687323024,12.533674855662037
591,12.120825571773613,14.413880343828223
592,11.696189066736798,12.217915224944996
593,11.08123989987735,12.158232832183353
594,11.699733911740354,12.908540779246225
595,12.787603665164713,11.455839558540147
596,13.162274932348044,11.13738962701329
597,12.356773771946763,11.10255620701997
598,11.537857513196666,11.973087745754462
599,10.887216911018244,10.913668825407559
600,11.505627852174596,12.311908464375424
601,12.033700341732535,12.64216867607841
602,11.108731990410794,10.356463327012207
603,9.64904295013784,11.99285462150494
604,12.243081396798413,12.730886528263486
605,12.162059817243282,12.669647803904585
606,10.7448970547219,12.205190511517705
607,11.941826376449775,11.858554956999201
608,10.822411003058493,12.017911895021488
609,10.535442884730562,11.051107060225455
610,11.263463809284493,13.699105295398928
611,11.025068992829341,13.0025679721902
612,13.316551381698469,10.091973594951499
613,13.542783180371208,12.23006164781001
614,11.480158823184928,11.530563067462882
615,11.162098581388111,14.756768497436925
616,12.62120825608518,10.434964818556354
617,12.811960636558041,13.709931642470574
618,11.447507407479856,10.910204828920424
619,10.996524283954539,13.005663040773818
620,11.590822039182488,13.105919832353353
621,11.717152753837516,11.890828956098005
622,11.979427124845873,12.154450488690628
623,12.5672316142336,12.91137598766863
624,10.577484432486965,11.103426445973714
625,12.736625490290944,11.51793527561984
626,12.048893424708751,13.396182329542835
627,11.96162255618425,13.413015895172508
628,12.913658048878505,11.284881960628502
629,8.691394564154853,11.466332949982927
630,11.753673176166085,11.49119463809809
631,13.476265263182492,11.870178221560789
632,11.49118015882617,11.685320569633044
633,12.230618991629012,9.906912069606726
634,12.261792888257423,13.536759972743603
635,12.00465572982823,12.097829856675567
636,10.93377692058011,11.87986233516174
637,10.59943834873676,12.37880575139295
638,11.445404550205868,9.591167549530418
639,10.893197635735158,11.330924868574904
640,11.424598785970458,10.543478801549544
641,11.02241854525517,11.179987328425792
642,12.604809999198817,12.461481391228373
643,11.985507830843584,10.434180586051182
644,13.4043249718287,10.698051496915022
645,12.097706410296954,13.369691912728683
646,13.610838301057457,11.93852093897637
647,12.541140401345396,13.064753095677123
648,12.24047766295738,12.046160203174564
649,10.139948329663367,13.180278990736843
650,13.816816128103092,11.01223556156791
651,11.660183648853838,12.57881690521098
652,11.57764818167701,11.401227236539631
653,11.119137729775575,10.169604480100888
654,12.450171896923958,11.513987325922724
655,13.205604645282111,12.913092926523731
656,12.078335883756187,11.551116466064768
657,13.464666494905684,14.253351923310301
658,12.248628762532533,13.297563284826895
659,13.6986674848766,14.291836051057654
660,11.824552773620036,11.219099836468027
661,12.54895794371872,12.00816961131781
662,11.268272968865153,11.097603583521163
663,13.116555115546253,11.712132219391561
664,11.296136465179558,12.641250492597415
665,13.590721138807298,10.627589603456771
666,11.6232272394027,12.49751851284548
667,11.509558760731199,13.384823206945882
668,11.318545240877542,11.84016037062057
669,12.51454097275452,13.311110045011178
670,11.596395594629985,13.273780293185892
671,10.957546658706889,11.531973800404558
672,14.767736781406246,11.823942659605544
673,11.182145215914488,11.18240610467798
674,11.679189303662485,11.716238262893986
675,10.320523610162436,11.785652775000678
676,10.492332540727233,11.382156326460818
677,11.767014827342658,11.634417787976448
678,12.085694015971248,10.490231749760925
679,12.629578113147932,11.977219750910333
680,13.006940562049952,11.168201226641447
681,11.780787097255747,11.906117532926878
682,11.738038774259968,12.072125940814782
683,11.10821375690197,11.119394577637438
684,11.993104232025084,11.36486301852069
685,12.388607741963932,11.050388517948207
686,12.35677703737634,10.340167574076686
687,12.608562918183457,12.160704931115983
688,12.863268884088212,13.09345516903526
689,11.341843568134303,11.339415799762731
690,11.894862405571825,9.633832252921598
691,10.909798891470704,14.004158756527145
692,10.903713708532718,12.317056198686636
693,13.354085730711786,12.760719912886346
694,12.780443635176363,10.617222926471237
695,11.77246519363571,12.150914528248357
696,10.829792124917308,10.705460160720786
697,11.1826336081966,11.832874532467986
698,12.541294780187053,12.640561357984028
699,10.584356547572375,11.953731799401329
700,10.777016586396481,12.524921599943475
701,11.354221100634286,12.749247792056075
702,13.137377178114868,12.993740182519375
703,11.908374066500889,13.435777177793337
704,13.602650272318911,11.34746679626248
705,11.899872398978971,11.64987308901399
706,11.826604657126726,11.480672450421917
707,12.83056907459568,12.534928335226006
708,12.137380591096322,12.826466987385658
709,12.875152690016991,13.006410088933624
710,11.965500612874706,12.959696042435018
711,11.423381812446069,11.308273139905687
712,14.092751596898392,13.171195946259635
713,11.34444919672867,12.446746204862041
714,13.190364768769152,12.193835316072043
715,11.526155054188793,13.773495050419308
716,11.912743087810554,11.475404452653754
717,13.622169701844125,10.591292635959693
718,11.994335586141673,11.952815059129673
719,12.548094099129395,14.14977854365667
720,10.818257544785784,11.990450028783739
721,12.369810484897958,14.635906322647745
722,12.01496808669361,13.091719428896388
723,10.753854774508719,11.70730636535968
724,10.164805104738798,13.750694459644103
725,12.864346618442418,11.654638696236882
726,11.127257656735765,11.115684254262089
727,12.790635485243019,11.818225655531101
728,13.044938039739492,10.643972334166762
729,11.153905074142687,11.7744840866132
730,11.017087531854992,10.475217039285539
731,13.316105724450015,12.679597061117583
732,12.945363906116928,10.73779871564597
733,14.22998676252098,13.16037761763079
734,12.406968566170981,13.105025312915846
735,13.502529519613685,10.92937058340075
736,12.17252266366154,11.095982482558275
737,13.55691675987488,12.288056065159681
738,11.589061002250046,11.756885836638576
739,12.902881241980271,12.475508838012681
740,11.096558717405863,11.728981960709843
741,12.351322894527815,11.23577594723574
742,12.868882729019706,12.05588327993998
743,11.23196809481563,12.23975157813775
744,14.355524381027058,11.297784180181148
745,10.797226198346134,13.374980356175767
746,13.373116508041234,11.59805761222721
747,12.386981756823346,12.242380958341641
748,12.922563521935738,12.326089084863701
749,13.077043527225285,11.335227132762668
750,11.178312147152347,11.559631122511918
751,13.17074314007031,13.19688851832064
752,12.478350586658683,11.999851092878378
753,12.524558472672497,12.090565081568649
754,12.76579110368825,10.785927686633302
755,12.976404667640944,10.642121120851387
756,12.751682269061492,13.478957636964475
757,10.6280839978442,12.251546224349699
758,10.78174643900407,13.270856023401958
759,10.918543636400663,11.838690574674322
760,13.568884417082733,13.73090898564445
761,10.254402631504622,10.82030495859329
762,11.007410778650708,13.122512309784447
763,12.50079007994498,10.699353903136494
764,11.753169164655976,11.738920825146623
765,11.732801256760856,13.642710096111342
766,13.23460029451099,13.108623477589722
767,12.251967224918141,10.914026385268373
768,12.046639994652338,11.239770464406444
769,11.72904487322641,11.546422101479934
770,11.44744562421445,8.64793355773922
771,11.629135728199246,11.667960569895381
772,11.278050635982883,10.477794015381523
773,11.893095177128039,14.199749439907361
774,12.40575126518847,12.455453419230682
775,11.53689922559348,11.541139430745984
776,11.678080901758683,11.440515267556508
777,11.28856779490022,13.404931208290511
778,11.468878519790344,11.270463207653032
779,12.024877980123506,10.242340897251847
780,11.804816937902105,13.881513650176577
781,13.226214367253338,11.625467052673622
782,10.5928899787381,12.09328301583695
783,12.016614369808927,12.706868714800086
784,11.11988642656776,12.590888960658587
785,12.941227554612436,12.296992559456932
786,12.081847035151249,11.824711081846099
787,13.223563187605627,12.00391649256035
788,13.243914660886752,12.607511362318572
789,10.987422679393317,12.407484550792773
790,10.845811153265446,10.908671678419298
791,10.729150733384602,10.432486788156552
792,11.039644534532684,10.881415669792098
793,12.772734855760213,13.415317227052128
794,10.435912936269553,10.817926978210105
795,11.443774983529464,11.22539777734049
796,12.17367078373949,11.96304389141269
797,11.091532628011302,11.876642003391996
798,10.044966676235024,13.420078062918757
799,11.43769515706996,12.088160865648815
800,11.574694427903108,12.37517998683186
801,11.783808439225586,13.460719082357727
802,13.784246907298144,12.937101414746053
803,12.215662449005006,13.856473420987466
804,12.15358873485142,12.426538643329586
805,11.908023182521973,12.166026266475743
806,13.61501223555809,13.296005649831427
807,11.634558159869119,13.245993581269415
808,11.553625769620012,9.736728386029338
809,12.378722189972397,11.171343361580362
810,12.513901274316542,13.778594992343729
811,12.499780048968507,11.199648734456183
812,12.120930656263543,11.421392420330752
813,11.615527523013865,11.623489917777677
814,11.608067016638993,10.523676259883107
815,11.640713609732444,10.078794410095718
816,13.031725686447345,12.01401695356169
817,11.459302130508783,12.894407870023503
818,11.097969340763767,12.167087582955798
819,12.601481605062741,14.152853098138314
820,10.54040651102181,11.776012804050422
821,11.796743028771225,13.043567638873652
822,11.94604835388492,12.254620388574468
823,12.97481391590541,10.330063539482396
824,14.461292054992386,11.190296312081646
825,10.38557126349527,13.197027250185824
826,11.29430501426956,12.827588652000335
827,12.12507572115791,11.133770697039377
828,10.847370985915301,11.985520826493275
829,12.878579492040219,11.480156587863359
830,11.01564443942554,12.177621648560875
831,10.15044607742444,11.995813664734966
832,11.44708638812795,13.005970200154225
833,9.47628857874384,9.923890197358949
834,12.398676207608187,12.841196224044005
835,10.730618818560503,10.456954407817516
836,11.197225973466647,11.589492842104457
837,9.458598911065984,12.229660504825095
838,13.025685847733751,9.463236884991845
839,9.680372096055923,10.766922714324512
840,11.812812711913486,12.803876615486287
841,13.023534780514122,12.151114171281652
842,13.16331739137475,13.786622720092085
843,13.856012462490213,10.780785757641123
844,10.667049279673265,11.948719335015777
845,12.241448567233835,11.874297224885295
846,11.757141727917057,11.669380514362688
847,10.908390067422,12.709347171122323
848,11.243994028779206,12.076381162173726
849,11.306901171915284,12.412264101091274
850,12.913925324620699,12.869680479554326
851,13.72624314294591,13.08663787933891
852,11.84579468793273,13.926439908655375
853,11.67135536099962,12.137725774898856
854,10.91890540774215,12.560064028024579
855,12.439529857024471,12.299871849717372
856,12.528235797595787,12.479882261274959
857,10.963246599843565,12.037672953712494
858,10.91038960371527,10.269324214550332
859,11.768815107790886,11.131898484166557
860,11.329847772104602,11.73016999299102
861,14.407644769615752,13.681293632646282
862,13.661771069885784,11.665179075454954
863,10.48041562441995,11.288403941546063
864,11.49465103921597,12.250636395586826
865,11.62411964092214,13.345482368296627
866,11.747282593243343,12.831285127812214
867,10.415616051861816,11.993918866854854
868,10.3255282152267,11.842184766026746
869,12.383320040877143,11.842270801420865
870,10.17733825763301,11.753122576459617
871,11.617579715565743,13.240248386671771
872,13.203966767274343,11.0093519959717
873,13.839955220860574,12.860640811187634
874,12.785896649050166,10.916398588930939
875,11.5398472145047,13.7338791567446
876,11.922240794412986,11.974103801350951
877,12.429408984158522,12.352579922036877
878,11.88151222355526,14.061933401040049
879,12.133161421839686,10.776657951616299
880,11.391197314883497,13.115228729138943
881,11.783334801755268,11.618354999996246
882,11.247184850811179,13.143474587151477
883,11.274226109389016,11.317504134486121
884,11.405710176587233,12.201825059579559
885,12.648840561816245,11.647424117725617
886,13.336215508417862,12.859682056208442
887,11.885958166447972,12.468743801913119
888,12.062680299107926,11.129799927352403
889,12.849060277375774,11.761789072134803
890,11.718445481715111,11.82330834329563
891,12.931649948807435,11.213176356546173
892,11.637363591066425,11.674964583817891
893,10.847016766727537,13.10384354415116
894,12.149236784711182,12.464538274325147
895,11.406706154990982,13.314504674221645
896,11.03205494249254,13.73244245743073
897,13.199849597063503,11.202002829054967
898,10.471387030929838,14.490085192949053
899,11.565719534378061,13.656075103739228
900,13.092716047500636,11.580793511789583
901,10.31294469314373,12.097367940175747
902,13.705908162858599,12.336636374958186
903,12.905655600308368,12.264741617250262
904,12.75607406739091,10.95757718376922
905,10.884015052818746,11.594999533118862
906,10.64044710452788,13.243454984701884
907,10.626736879848892,10.796955337617504
908,12.155674910658762,12.030301999170788
909,11.204497436670323,13.295576171661185
910,12.63596511522411,11.903024742691585
911,13.046027376166139,11.997038906387557
912,11.736961470647083,12.834627656324182
913,11.08794595412959,13.91091999586197
914,12.770844028269329,12.201799142057324
915,11.987250798281964,12.756962485113352
916,11.61004417867242,12.416045970949039
917,12.736151277096326,10.288332353893294
918,11.771781839198221,12.285828578428106
919,12.099234463843128,12.06890948266567
920,12.338948531231479,11.8418124066129
921,12.277650232306708,11.998553389810654
922,11.369646097515304,10.584468048094466
923,10.051851240197474,14.566787836116816
924,13.262440233056745,11.65465421820286
925,12.841289166862875,13.93510924306199
926,11.59667373138818,11.749304938488546
927,11.406799601170219,12.674013080999257
928,11.216780580027509,10.401379970518883
929,11.721764497297094,13.714083305865941
930,12.094105475365637,11.747887816532005
931,12.37928185109425,11.728646370801467
932,11.710078470198566,12.649453415555392
933,13.38620004406647,10.198542970907049
934,12.33807100078949,11.324419743902101
935,9.84918536150343,13.174691349918945
936,12.05729493578079,13.216142796258227
937,11.695007567616463,12.572164902090439
938,12.209194662531006,12.411501093967413
939,13.682450670884242,11.88709913341129
940,12.160217904547336,11.513743447153745
941,12.335828709446226,10.65686412413346
942,13.644604230763933,13.311474423491934
943,12.087912376429786,10.923874270282734
944,12.513305538259846,10.984660357939859
945,13.689452336829445,12.842278221592556
946,10.242207319276638,11.812013971932394
947,12.20546725897636,12.661862489221667
948,10.278383266106555,12.571399899082053
949,13.619294653998322,11.411356102186112
950,12.827255722700414,11.51749142572397
951,10.539519970369334,13.208253559633697
952,11.788942715115422,12.699760134013337
953,13.895923123064819,12.599378040863622
954,13.54123611221529,11.037504519016546
955,11.976683844817206,11.823608665139234
956,12.737939262919431,13.10553101921354
957,11.910684733100622,10.62065639525677
958,11.079677068322267,11.094791924549705
959,13.122006658118039,10.804332909907686
960,12.269488967104985,11.643410477549061
961,11.424353497867926,10.633847680441171
962,12.047986835689118,11.495064675715712
963,10.11044894494197,11.432493283489528
964,12.51910905351121,11.341374077448242
965,11.18090725226347,10.83045023352034
966,13.127277385577642,11.115482999483689
967,11.888155442933941,11.53441170681642
968,10.39900256436708,12.590134062630263
969,12.524621226219132,11.242375913910859
970,12.630804254979388,12.576848788219914
971,11.478499512920823,9.986267861372678
972,11.901103195737873,11.254419704019956
973,12.09753391052968,11.12537043129667
974,12.274487766642164,13.339811248067605
975,12.63296215722874,11.368156839442142
976,11.13317798107469,11.484025305199802
977,11.190723559885846,10.728837680825274
978,13.011771076156116,11.381946982325685
979,10.486246740262482,10.883263090023284
980,11.402944069973893,11.254770493938809
981,11.703159937007987,12.319957847133225
982,12.71623500835934,12.118634368864411
983,13.166382374746885,11.289007988723153
984,13.189942776474243,12.346670878801715
985,12.07786599796736,12.743944768052591
986,11.100320659222856,11.50127202724093
987,11.813808372654625,12.042462247985286
988,12.311138039602,10.665538255393423
989,10.388257846084207,12.48280543614986
990,11.666400230735697,11.18334525522393
991,11.910823002813679,12.418584621613748
992,14.110536766787055,11.207852516155532
993,12.437126904775571,11.281648257694647
994,12.092686068428456,10.405264516751084
995,13.323733978937852,11.726757636100164
996,11.142741976881709,10.466272531729993
997,12.234114626178101,13.577945687329466
998,12.644188756578464,12.39726965954846
999,13.361771653946601,11.591735056810396
